-- 系统配置
INSERT INTO `system_config` (`id`, `name`, `field`, `key`, `parent_id`, `order`, `value`, `component`, `status`, `created_at`, `updated_at`, `field_type`, `icon`, `type`, `options`, `required`) VALUES (5, '站点配置', 'system', 'system', 0, 0, 'aaaaa', 'Input', 0, '2021-08-31 16:39:50', '2021-09-09 16:18:03', '', 'ant-design:amazon-outlined', 1, '', 0);
INSERT INTO `system_config` (`id`, `name`, `field`, `key`, `parent_id`, `order`, `value`, `component`, `status`, `created_at`, `updated_at`, `field_type`, `icon`, `type`, `options`, `required`) VALUES (6, '上传配置', 'upload', 'upload', 0, 0, '1', 'Input', 0, '2021-08-31 16:39:50', '2021-09-01 10:37:50', 'integer', 'ant-design:appstore-outlined', 0, '', 0);
INSERT INTO `system_config` (`id`, `name`, `field`, `key`, `parent_id`, `order`, `value`, `component`, `status`, `created_at`, `updated_at`, `field_type`, `icon`, `type`, `options`, `required`) VALUES (15, '站点名称', 'site_name', '', 5, 51, 'UU后台快速开发框架', 'Input', 1, '2021-09-01 10:38:08', '2021-09-13 09:43:13', 'Input', 'ant-design:aim-outlined', 1, '', 1);
INSERT INTO `system_config` (`id`, `name`, `field`, `key`, `parent_id`, `order`, `value`, `component`, `status`, `created_at`, `updated_at`, `field_type`, `icon`, `type`, `options`, `required`) VALUES (17, '站点描述', 'site_desc', '', 5, 50, 'UU后台快速开发框架', 'InputTextArea', 1, '2021-09-01 10:39:07', '2021-09-09 15:05:24', '', '', 1, '', 0);
INSERT INTO `system_config` (`id`, `name`, `field`, `key`, `parent_id`, `order`, `value`, `component`, `status`, `created_at`, `updated_at`, `field_type`, `icon`, `type`, `options`, `required`) VALUES (21, 'logo', 'site_logo', '', 5, 50, '', 'Upload', 1, '2021-09-01 16:20:46', '2021-09-01 16:20:46', '', '', 1, '', 0);
INSERT INTO `system_config` (`id`, `name`, `field`, `key`, `parent_id`, `order`, `value`, `component`, `status`, `created_at`, `updated_at`, `field_type`, `icon`, `type`, `options`, `required`) VALUES (22, '允许后缀', 'upload_ext', '', 6, 50, 'png,jpg,jpeg,svg,zip,pdf,gif', 'Input', 1, '2021-09-01 16:51:06', '2021-09-03 14:46:11', '', '', 1, '', 0);
INSERT INTO `system_config` (`id`, `name`, `field`, `key`, `parent_id`, `order`, `value`, `component`, `status`, `created_at`, `updated_at`, `field_type`, `icon`, `type`, `options`, `required`) VALUES (23, 'AppId', 'app_id', '', 14, 50, '123secretsecret1', 'Input', 1, '2021-09-01 16:51:55', '2021-09-09 17:08:42', '', '', 1, '', 0);
INSERT INTO `system_config` (`id`, `name`, `field`, `key`, `parent_id`, `order`, `value`, `component`, `status`, `created_at`, `updated_at`, `field_type`, `icon`, `type`, `options`, `required`) VALUES (24, '密钥', 'secret', '', 14, 50, 'secretsecret1231231', 'Input', 1, '2021-09-01 17:12:10', '2021-09-09 17:08:45', '', '', 1, '', 1);
INSERT INTO `system_config` (`id`, `name`, `field`, `key`, `parent_id`, `order`, `value`, `component`, `status`, `created_at`, `updated_at`, `field_type`, `icon`, `type`, `options`, `required`) VALUES (25, '开启', 'wechat_status', '', 14, 50, '1', 'RadioGroup', 1, '2021-09-01 17:14:43', '2021-09-09 17:08:36', '', '', 1, '0|禁用\n1|启用', 1);
INSERT INTO `system_config` (`id`, `name`, `field`, `key`, `parent_id`, `order`, `value`, `component`, `status`, `created_at`, `updated_at`, `field_type`, `icon`, `type`, `options`, `required`) VALUES (26, '登录验证码', 'login_verify', '', 5, 50, '0', 'RadioGroup', 1, '2021-09-01 18:45:10', '2021-10-05 11:35:05', '', '', 1, '0|关闭\n1|开启', 1);
INSERT INTO `system_config` (`id`, `name`, `field`, `key`, `parent_id`, `order`, `value`, `component`, `status`, `created_at`, `updated_at`, `field_type`, `icon`, `type`, `options`, `required`) VALUES (33, '获取验证码', 's1', '', 5, 50, '123', 'InputCountDown', 1, '2021-09-04 13:40:01', '2021-09-26 13:24:52', '', '', 1, '', 0);
INSERT INTO `system_config` (`id`, `name`, `field`, `key`, `parent_id`, `order`, `value`, `component`, `status`, `created_at`, `updated_at`, `field_type`, `icon`, `type`, `options`, `required`) VALUES (34, '选择器', 't21', '', 5, 50, '1', 'Select', 1, '2021-09-04 13:41:33', '2021-09-16 14:52:53', '', '', 1, '1|测试1\n2|测试2', 0);
INSERT INTO `system_config` (`id`, `name`, `field`, `key`, `parent_id`, `order`, `value`, `component`, `status`, `created_at`, `updated_at`, `field_type`, `icon`, `type`, `options`, `required`) VALUES (36, '储存类型', 'drive_type', '', 6, 50, '2', 'RadioGroup', 1, '2021-09-09 10:33:13', '2021-09-26 13:25:03', '', '', 1, '0|本地\n1|阿里云OSS\n2|腾讯云COS\n3|七牛云', 1);


-- admin
INSERT INTO `system_users` (`user_id`, `username`, `password`, `avatar`, `description`, `email`, `mobile`, `nickname`, `sex`, `status`, `role_id`, `department_id`, `created_at`, `create_user_id`, `updated_at`) VALUES (1, 'admin', '$2y$10$5NtB8tVmCeR0y5MJWdZI6uSV.vBZKr3vL8zu9Fd583l6uX50CvkEO', '', '超级管理员1223', 'DM@gmail.com', '13888888888', '超级管理员', 1, 1, 9, 32, '2021-09-01 17:13:26', 0, '2021-09-01 17:13:26');

-- 权限
INSERT INTO `system_role` (`role_id`, `role_name`, `slug`, `parent_id`, `create_user_id`, `remark`, `created_at`, `updated_at`, `status`) VALUES (9, '系统管理员', 'system', 0, 0, 'string', '2021-08-27 12:59:41', '2021-09-07 17:40:37', 1);
INSERT INTO `system_role` (`role_id`, `role_name`, `slug`, `parent_id`, `create_user_id`, `remark`, `created_at`, `updated_at`, `status`) VALUES (10, '测试', 'test', 0, 0, 'as', '2021-08-30 17:28:16', '2021-10-05 11:54:24', 0);
INSERT INTO `system_role` (`role_id`, `role_name`, `slug`, `parent_id`, `create_user_id`, `remark`, `created_at`, `updated_at`, `status`) VALUES (11, 'feadmin', 'feadmin', 0, 0, '前端开发权限', '2021-08-30 19:47:33', '2021-08-31 13:08:31', 0);
INSERT INTO `system_role` (`role_id`, `role_name`, `slug`, `parent_id`, `create_user_id`, `remark`, `created_at`, `updated_at`, `status`) VALUES (12, '测试2', 'test2', 0, 0, 'dsf', '2021-08-31 10:53:57', '2021-09-24 15:19:03', 0);

-- 用户角色
INSERT INTO `system_role_users` (`id`, `role_id`, `user_id`, `corp_id`, `created_at`, `updated_at`) VALUES (65, 12, 12, 0, NULL, NULL);
INSERT INTO `system_role_users` (`id`, `role_id`, `user_id`, `corp_id`, `created_at`, `updated_at`) VALUES (66, 9, 12, 0, NULL, NULL);
INSERT INTO `system_role_users` (`id`, `role_id`, `user_id`, `corp_id`, `created_at`, `updated_at`) VALUES (67, 9, 1, 0, NULL, NULL);
INSERT INTO `system_role_users` (`id`, `role_id`, `user_id`, `corp_id`, `created_at`, `updated_at`) VALUES (68, 9, 16, 0, NULL, NULL);
INSERT INTO `system_role_users` (`id`, `role_id`, `user_id`, `corp_id`, `created_at`, `updated_at`) VALUES (69, 18, 13, 0, NULL, NULL);
INSERT INTO `system_role_users` (`id`, `role_id`, `user_id`, `corp_id`, `created_at`, `updated_at`) VALUES (70, 11, 11, 0, NULL, NULL);
INSERT INTO `system_role_users` (`id`, `role_id`, `user_id`, `corp_id`, `created_at`, `updated_at`) VALUES (71, 10, 11, 0, NULL, NULL);

-- 角色权限
INSERT INTO `system_role_permissions` (`role_permission_id`, `role_id`, `permission_id`, `created_at`, `updated_at`) VALUES (156, 10, 39, NULL, NULL);
INSERT INTO `system_role_permissions` (`role_permission_id`, `role_id`, `permission_id`, `created_at`, `updated_at`) VALUES (186, 11, 32, NULL, NULL);
INSERT INTO `system_role_permissions` (`role_permission_id`, `role_id`, `permission_id`, `created_at`, `updated_at`) VALUES (187, 11, 36, NULL, NULL);
INSERT INTO `system_role_permissions` (`role_permission_id`, `role_id`, `permission_id`, `created_at`, `updated_at`) VALUES (188, 11, 37, NULL, NULL);
INSERT INTO `system_role_permissions` (`role_permission_id`, `role_id`, `permission_id`, `created_at`, `updated_at`) VALUES (189, 11, 39, NULL, NULL);
INSERT INTO `system_role_permissions` (`role_permission_id`, `role_id`, `permission_id`, `created_at`, `updated_at`) VALUES (240, 18, 49, NULL, NULL);
INSERT INTO `system_role_permissions` (`role_permission_id`, `role_id`, `permission_id`, `created_at`, `updated_at`) VALUES (241, 18, 39, NULL, NULL);
INSERT INTO `system_role_permissions` (`role_permission_id`, `role_id`, `permission_id`, `created_at`, `updated_at`) VALUES (242, 18, 32, NULL, NULL);
INSERT INTO `system_role_permissions` (`role_permission_id`, `role_id`, `permission_id`, `created_at`, `updated_at`) VALUES (243, 18, 36, NULL, NULL);
INSERT INTO `system_role_permissions` (`role_permission_id`, `role_id`, `permission_id`, `created_at`, `updated_at`) VALUES (244, 18, 37, NULL, NULL);
INSERT INTO `system_role_permissions` (`role_permission_id`, `role_id`, `permission_id`, `created_at`, `updated_at`) VALUES (245, 18, 39, NULL, NULL);
INSERT INTO `system_role_permissions` (`role_permission_id`, `role_id`, `permission_id`, `created_at`, `updated_at`) VALUES (247, 18, 35, NULL, NULL);
INSERT INTO `system_role_permissions` (`role_permission_id`, `role_id`, `permission_id`, `created_at`, `updated_at`) VALUES (248, 18, 38, NULL, NULL);
INSERT INTO `system_role_permissions` (`role_permission_id`, `role_id`, `permission_id`, `created_at`, `updated_at`) VALUES (249, 18, 48, NULL, NULL);
INSERT INTO `system_role_permissions` (`role_permission_id`, `role_id`, `permission_id`, `created_at`, `updated_at`) VALUES (250, 18, 50, NULL, NULL);
INSERT INTO `system_role_permissions` (`role_permission_id`, `role_id`, `permission_id`, `created_at`, `updated_at`) VALUES (713, 9, 32, NULL, NULL);
INSERT INTO `system_role_permissions` (`role_permission_id`, `role_id`, `permission_id`, `created_at`, `updated_at`) VALUES (714, 9, 38, NULL, NULL);
INSERT INTO `system_role_permissions` (`role_permission_id`, `role_id`, `permission_id`, `created_at`, `updated_at`) VALUES (715, 9, 37, NULL, NULL);
INSERT INTO `system_role_permissions` (`role_permission_id`, `role_id`, `permission_id`, `created_at`, `updated_at`) VALUES (716, 9, 39, NULL, NULL);
INSERT INTO `system_role_permissions` (`role_permission_id`, `role_id`, `permission_id`, `created_at`, `updated_at`) VALUES (717, 9, 48, NULL, NULL);
INSERT INTO `system_role_permissions` (`role_permission_id`, `role_id`, `permission_id`, `created_at`, `updated_at`) VALUES (718, 9, 49, NULL, NULL);
INSERT INTO `system_role_permissions` (`role_permission_id`, `role_id`, `permission_id`, `created_at`, `updated_at`) VALUES (719, 9, 50, NULL, NULL);
INSERT INTO `system_role_permissions` (`role_permission_id`, `role_id`, `permission_id`, `created_at`, `updated_at`) VALUES (724, 9, 51, NULL, NULL);
INSERT INTO `system_role_permissions` (`role_permission_id`, `role_id`, `permission_id`, `created_at`, `updated_at`) VALUES (725, 9, 36, NULL, NULL);
INSERT INTO `system_role_permissions` (`role_permission_id`, `role_id`, `permission_id`, `created_at`, `updated_at`) VALUES (726, 9, 55, NULL, NULL);
INSERT INTO `system_role_permissions` (`role_permission_id`, `role_id`, `permission_id`, `created_at`, `updated_at`) VALUES (727, 9, 56, NULL, NULL);
INSERT INTO `system_role_permissions` (`role_permission_id`, `role_id`, `permission_id`, `created_at`, `updated_at`) VALUES (728, 9, 35, NULL, NULL);

-- 权限节点
INSERT INTO `system_permissions` (`permission_id`, `name`, `slug`, `url`, `icon`, `component`, `is_external_link`, `is_display`, `type`, `order`, `parent_id`, `create_user_id`, `remark`, `created_at`, `updated_at`, `status`, `keepalive`) VALUES (32, '系统概览', 'workbench', '/workbench', 'bx:bx-home', '/dashboard/workbench/index', 0, 1, 0, 0, 0, 0, '', NULL, '2021-09-09 10:35:41', 1, 0);
INSERT INTO `system_permissions` (`permission_id`, `name`, `slug`, `url`, `icon`, `component`, `is_external_link`, `is_display`, `type`, `order`, `parent_id`, `create_user_id`, `remark`, `created_at`, `updated_at`, `status`, `keepalive`) VALUES (35, '系统管理', 'system', '/system', 'ant-design:account-book-outlined', 'LAYOUT', 0, 1, 0, 10, 0, 0, '', NULL, '2021-09-02 20:29:22', 1, 0);
INSERT INTO `system_permissions` (`permission_id`, `name`, `slug`, `url`, `icon`, `component`, `is_external_link`, `is_display`, `type`, `order`, `parent_id`, `create_user_id`, `remark`, `created_at`, `updated_at`, `status`, `keepalive`) VALUES (36, '菜单管理', 'system:menu', '/system/menu', 'ant-design:unordered-list-outlined', '/system/menu/index', 0, 1, 1, 0, 35, 0, '', NULL, '2021-09-07 09:51:36', 1, 0);
INSERT INTO `system_permissions` (`permission_id`, `name`, `slug`, `url`, `icon`, `component`, `is_external_link`, `is_display`, `type`, `order`, `parent_id`, `create_user_id`, `remark`, `created_at`, `updated_at`, `status`, `keepalive`) VALUES (37, '角色管理', 'system:role', '/role', 'ant-design:experiment-filled', '/system/role/index', 0, 1, 1, 2, 35, 0, '', '2021-08-30 17:37:48', '2021-09-07 09:56:10', 1, 0);
INSERT INTO `system_permissions` (`permission_id`, `name`, `slug`, `url`, `icon`, `component`, `is_external_link`, `is_display`, `type`, `order`, `parent_id`, `create_user_id`, `remark`, `created_at`, `updated_at`, `status`, `keepalive`) VALUES (38, '账号管理', 'system:account:index', 'account', 'ant-design:usergroup-add-outlined', '/system/account/index', 0, 0, 1, 1, 35, 0, '', '2021-08-30 17:40:11', '2021-09-07 11:11:41', 1, 0);
INSERT INTO `system_permissions` (`permission_id`, `name`, `slug`, `url`, `icon`, `component`, `is_external_link`, `is_display`, `type`, `order`, `parent_id`, `create_user_id`, `remark`, `created_at`, `updated_at`, `status`, `keepalive`) VALUES (39, '部门管理', 'system:dept:index', '/system/dept', 'ant-design:appstore-filled', '/system/dept/index', 0, 1, 1, 5, 35, 0, '', '2021-08-30 17:40:50', '2021-09-07 09:59:54', 1, 0);
INSERT INTO `system_permissions` (`permission_id`, `name`, `slug`, `url`, `icon`, `component`, `is_external_link`, `is_display`, `type`, `order`, `parent_id`, `create_user_id`, `remark`, `created_at`, `updated_at`, `status`, `keepalive`) VALUES (48, '系统配置', 'system:config:index', '/system/config', 'ant-design:apartment-outlined', '/system/config/index', 0, 1, 1, 50, 35, 0, '', '2021-08-31 15:16:32', '2021-09-23 13:13:19', 1, 0);
INSERT INTO `system_permissions` (`permission_id`, `name`, `slug`, `url`, `icon`, `component`, `is_external_link`, `is_display`, `type`, `order`, `parent_id`, `create_user_id`, `remark`, `created_at`, `updated_at`, `status`, `keepalive`) VALUES (49, '配置维护', 'system:config:list', '/system/list', 'ant-design:apartment-outlined', '/system/config/list', 0, 1, 1, 50, 35, 0, '', '2021-09-01 09:50:59', '2021-09-07 11:38:56', 1, 0);
INSERT INTO `system_permissions` (`permission_id`, `name`, `slug`, `url`, `icon`, `component`, `is_external_link`, `is_display`, `type`, `order`, `parent_id`, `create_user_id`, `remark`, `created_at`, `updated_at`, `status`, `keepalive`) VALUES (50, '限流规则', 'system:ratelimiter:index', '/system/ratelimiter', 'ant-design:api-twotone', '/system/ratelimiter/index', 0, 1, 1, 50, 35, 0, '', '2021-09-01 18:56:18', '2021-09-07 10:01:06', 1, 0);
INSERT INTO `system_permissions` (`permission_id`, `name`, `slug`, `url`, `icon`, `component`, `is_external_link`, `is_display`, `type`, `order`, `parent_id`, `create_user_id`, `remark`, `created_at`, `updated_at`, `status`, `keepalive`) VALUES (51, '模型管理', 'system:module:index', '/system/module', 'ant-design:build-twotone', '/system/module/index', 0, 1, 1, 50, 35, 0, '', '2021-09-01 21:32:12', '2021-09-13 16:37:50', 1, 0);
INSERT INTO `system_permissions` (`permission_id`, `name`, `slug`, `url`, `icon`, `component`, `is_external_link`, `is_display`, `type`, `order`, `parent_id`, `create_user_id`, `remark`, `created_at`, `updated_at`, `status`, `keepalive`) VALUES (55, '添加菜单', 'system:menu:create', '', '', '', 0, 0, 2, 1, 36, 0, '', '2021-09-06 16:46:38', '2021-09-06 16:46:38', 1, 0);
INSERT INTO `system_permissions` (`permission_id`, `name`, `slug`, `url`, `icon`, `component`, `is_external_link`, `is_display`, `type`, `order`, `parent_id`, `create_user_id`, `remark`, `created_at`, `updated_at`, `status`, `keepalive`) VALUES (56, '删除菜单', 'system:menu:delete', '', '', '', 0, 0, 2, 1, 36, 0, '', '2021-09-06 16:47:04', '2021-09-06 16:47:16', 1, 0);
INSERT INTO `system_permissions` (`permission_id`, `name`, `slug`, `url`, `icon`, `component`, `is_external_link`, `is_display`, `type`, `order`, `parent_id`, `create_user_id`, `remark`, `created_at`, `updated_at`, `status`, `keepalive`) VALUES (58, '應用', 'user:index', '/user', 'ant-design:copy-outlined', '/user/index', 0, 1, 1, 1, 58, 0, '', '2021-09-07 13:10:26', '2021-09-07 14:32:20', 1, 0);
INSERT INTO `system_permissions` (`permission_id`, `name`, `slug`, `url`, `icon`, `component`, `is_external_link`, `is_display`, `type`, `order`, `parent_id`, `create_user_id`, `remark`, `created_at`, `updated_at`, `status`, `keepalive`) VALUES (61, '数据详情', 'data:dataDetails:id', '/dataDetails', 'ant-design:aliwangwang-outlined', '/data/dataDetails', 0, 1, 1, 0, 58, 0, '', '2021-09-07 14:14:13', '2021-09-07 14:29:39', 1, 0);


-- 部门数据
INSERT INTO `system_departments` (`department_id`, `name`, `full_path`, `order`, `parent_id`, `create_user_id`, `employee_num`, `created_at`, `updated_at`, `remark`, `status`) VALUES (11, '技术部', '0-11-', 0, 0, 0, 0, '2021-08-26 19:58:57', '2021-08-31 15:49:41', '', 0);
INSERT INTO `system_departments` (`department_id`, `name`, `full_path`, `order`, `parent_id`, `create_user_id`, `employee_num`, `created_at`, `updated_at`, `remark`, `status`) VALUES (17, '部门名称', '0-11-17-', 2, 11, 0, 0, '2021-08-26 20:09:03', '2021-08-31 09:26:01', '1', 1);
INSERT INTO `system_departments` (`department_id`, `name`, `full_path`, `order`, `parent_id`, `create_user_id`, `employee_num`, `created_at`, `updated_at`, `remark`, `status`) VALUES (28, '部门2', '0-28-', 3, 0, 0, 0, '2021-08-27 11:21:55', '2021-08-30 18:50:55', '部门2', 1);
INSERT INTO `system_departments` (`department_id`, `name`, `full_path`, `order`, `parent_id`, `create_user_id`, `employee_num`, `created_at`, `updated_at`, `remark`, `status`) VALUES (32, '项目', '0-32-', 1, 0, 0, 0, '2021-08-30 17:21:58', '2021-08-31 11:04:24', '', 0);
INSERT INTO `system_departments` (`department_id`, `name`, `full_path`, `order`, `parent_id`, `create_user_id`, `employee_num`, `created_at`, `updated_at`, `remark`, `status`) VALUES (33, 'UI', '0-32-33-', 1, 32, 0, 0, '2021-08-31 10:24:55', '2021-08-31 10:24:55', '', 1);
INSERT INTO `system_departments` (`department_id`, `name`, `full_path`, `order`, `parent_id`, `create_user_id`, `employee_num`, `created_at`, `updated_at`, `remark`, `status`) VALUES (34, '前端', '0-32-33-34-', 2, 33, 0, 0, '2021-08-31 10:25:23', '2021-08-31 11:21:06', '', 1);
INSERT INTO `system_departments` (`department_id`, `name`, `full_path`, `order`, `parent_id`, `create_user_id`, `employee_num`, `created_at`, `updated_at`, `remark`, `status`) VALUES (36, '测试', '0-36-', 121, 0, 0, 0, '2021-08-31 10:57:16', '2021-08-31 10:57:16', '', 1);
INSERT INTO `system_departments` (`department_id`, `name`, `full_path`, `order`, `parent_id`, `create_user_id`, `employee_num`, `created_at`, `updated_at`, `remark`, `status`) VALUES (39, '客户端', '0-39-', 1213, 0, 0, 0, '2021-08-31 10:59:03', '2021-08-31 10:59:03', '', 1);
INSERT INTO `system_departments` (`department_id`, `name`, `full_path`, `order`, `parent_id`, `create_user_id`, `employee_num`, `created_at`, `updated_at`, `remark`, `status`) VALUES (41, 'IOS', '0-41-', 115, 0, 0, 0, '2021-08-31 11:01:11', '2021-08-31 11:01:11', '', 1);
INSERT INTO `system_departments` (`department_id`, `name`, `full_path`, `order`, `parent_id`, `create_user_id`, `employee_num`, `created_at`, `updated_at`, `remark`, `status`) VALUES (43, '安卓', '0-11-43-', 5, 11, 0, 0, '2021-08-31 11:10:52', '2021-08-31 11:10:52', '', 1);
